window_id,hash_code
0,973cfe211ff7af2467ab7e6242c5ea91886a50a6e73b2120cb99fd4336fd3672
1,b677c3cedd0fc484bc81e6a457533c1305133b681eebb317915965127f7486a0
2,63a6c81c3c69eb8bf4ed4f64da76053742d1dcd19836e95de956f2278276ccec
3,082db534f34ac398e17304132471cc3ddc2f2f65f7e153a46edd904f57201f96
4,c3100b7273f46db4294ee7bf5d195ad28e5bf3da2a5f8bea0a698aa1e025f4ed
5,6e4c74fe98ea6897368cb0360ba36462511b5816569f7bf63d52d749041846f2
6,6d006f419a7ce52e2adc485b3e2710fc8a5d6aead90cfa96bd48831b5c6ce4bb
7,a11a12f9f602e82a7635801638bf9db85f92cfa68c18e51018d6959db741944d
8,fcc24c2f5bf31ad07db030d0a4c8b71f5958b512bf8ed2697cd098d6fcacbb2e
9,80f87d77532166891c3b5cb4c073ab7709307c7dbc6cbcbb7da723068d93f4a4
10,d7ab58dd2f1ec3e2270169025b862026c28110b22b91871d13307ff5e3310b00
11,35e3db867d6b91ca2198d362b44f407abee187484e624b54cb41bda22bcdd6a7
12,e8a62dd4c4f65ebfc23e20bae65511cf81ddc405a5709ed2e6f7d196e3d261d3
13,9b009bfc47aa6bb5655a9e6017ad7eaa3c7ba46bfdb0e7a8b802ccc5fbf0d561
14,f43fa9e51f5acb7bfdadef848a1617bd6884212e88c1e4424f2b4a04d6ae9b5d
15,43fd5c0678ff200881ba103e42fb6904091080c8167014bb29fcddf075c91283
16,59dac93d51aa8b3bfb7365ea30b0d90559c9d27aa21b3e1a5d4d088b15740f1c
17,18b87e8c58014fcb2d327c468e8cdff774b4f760c4c3cd1ffa5f6c1aa1780310
